Product_Name,Category
Classique 766 Post Mastectomy Fashion Bra-Beige/Skin-38D,Clothing|Women|Womens Lingerie & Shapewear|Womens Bras|Bras
Owl shaped keychain kekc6231,Clothing|Bags & Accessories|Women's Bags & Accessories|Women's Bags|Womens Bag Charms & Accessories
"Secret Key Hider, Garden Key Hider Outdoor Cast Iron Small Key Holder Ladybug",Clothing|Bags & Accessories|Women's Bags & Accessories|Women's Bags|Womens Bag Charms & Accessories
Stanford Key Chain,Clothing|Bags & Accessories|Women's Bags & Accessories|Women's Bags|Womens Bag Charms & Accessories
The Wonder Years TV Show Original Hipster Paul Pfeiffer Adult T-Shirt Tee,Clothing|Women|Womens Tops & T-Shirts|Womens T-Shirts
Handmade Glass Pearl Silver Cell Phone Metal Bookmark NEW U Pick Colors,Jewelry|Womens Jewelry & Watches|Womens Jewelry|Womens Pendants & Necklaces|Fashion Pendants & Necklaces
Keychain - F-16 Fighter Jet (Black Rectangle),Clothing|Bags & Accessories|Women's Bags & Accessories|Women's Bags|Womens Bag Charms & Accessories
"Diabetic Bamboo Quarter Sock, White/Grey Medium - 1 Pkg","Clothing|Women|Womens Socks, Hosiery & Tights|Womens Socks|Socks"
Women's Breeze Walker,Clothing|Shoes|Womens Shoes|All Womens Shoes
Ames Walker AW Style 16 Sheer Support 15-20mmHg Moderate Compression Knee Closed Toe Knee High Stockings - Relieves pain of tired aching legs-Helps prevent varicose veins,"Clothing|Women|Womens Socks, Hosiery & Tights|Womens Hosiery & Tights"
Celtic Knot Weave Irish Bear PAW Walking Logo Symbols - Metal Ring Key Chain Keychain,Clothing|Bags & Accessories|Women's Bags & Accessories|Women's Bags|Womens Bag Charms & Accessories
Monarch M-initial keychain h-(Pk/2),Clothing|Bags & Accessories|Women's Bags & Accessories|Women's Accessories|Womens Keyrings & Keychains
Ramones Plastic Key Chain Multi,Clothing|Bags & Accessories|Women's Bags & Accessories|Women's Bags|Womens Bag Charms & Accessories
Instant Gift Photo Keychain,Clothing|Bags & Accessories|Women's Bags & Accessories|Women's Accessories|Womens Keyrings & Keychains
Retro Owl Time Gemstone Metal Key chain Glass Key chain,Clothing|Bags & Accessories|Women's Bags & Accessories|Women's Bags|Womens Bag Charms & Accessories
"KEY-BAK SUPER48 XD 20 oz. Locking Retractable Keychain, 28"" Kevlar Cord, Black Polycarbonate Case, Leather Duty Belt Loop, Oversized Split Ring",Clothing|Bags & Accessories|Women's Bags & Accessories|Women's Accessories|Womens Keyrings & Keychains
Keychain - Soccer Player Woman - Personalized Engraving Included (Pink Rectangle),Clothing|Bags & Accessories|Women's Bags & Accessories|Women's Bags|Womens Bag Charms & Accessories
Crew Diabetic Socks 12 Pieces Pack,"Clothing|Women|Womens Socks, Hosiery & Tights|Womens Socks|Socks"
Gemstone Globe Bright Silver Keychain - Marine Blue Ocean,Clothing|Bags & Accessories|Women's Bags & Accessories|Women's Bags|Womens Bag Charms & Accessories
Smart Blonde KC-8649 1. 5 x 3 inch Yuma Arizona Background Novelty Metal Key Chain,Clothing|Bags & Accessories|Women's Bags & Accessories|Women's Bags|Womens Bag Charms & Accessories
Soft 2000 Open Toe Thigh Highs w /Silicone Band - 15-20 mmHg Short 2000AGSB-P,"Clothing|Women|Womens Socks, Hosiery & Tights|Womens Hosiery & Tights"
Sarcastic - Hooray Sports Win Some Points Women's Cotton T-Shirt,Clothing|Women|Womens Tops & T-Shirts|Womens Tops & T-Shirts
Faora Secret Wishes Adult Halloween Costume,Party & Occasions|Halloween|All Halloween Costumes|Adult Halloween Costumes|Women's Costumes|Other Women's Halloween Costumes
MLS-Vancouver Whitecaps-Women's Middle Logo Scarf Tee,Sports & Outdoors|Sports Fan Shop|Pro Soccer Fan Shop|MLS Womens
A Cajun Christmas Killing - eBook,"Books|Literature & Fiction Books|Fiction Novels|Mystery, Thriller & Suspense Books|Mystery & Detective Books|Books with Women Sleuths"
CW-X Women's Insulator Endurance Pro Tights,Sports & Outdoors|Outdoor Sports|Premium Outdoor Store|CW-X|Women's Apparel
Shaolin Warrior Monk Robe Grey Large,Clothing|Women|Womens Sleepwear & Loungewear|Womens Robes
Women's Aerosoles Spin Cycle Ballet Flat,Clothing|Shoes|Womens Shoes|Womens Flats|Womens Flats Ballet
Green Sparkle Mermaid Blue Lagoon Storybook Adult Womens Costume,Party & Occasions|Halloween|All Halloween Costumes|Adult Halloween Costumes|Women's Costumes|Other Women's Halloween Costumes
Jade Lucky Charms - Chinese Rat,Jewelry|Womens Jewelry & Watches|Womens Jewelry|Womens Bracelets & Charms|Fashion Bracelets & Charms
Augusta 1235 Ladies Triumph Jersey,Clothing|Women|Womens Sweaters
Crystal Daydream - Rainbow Heart,Jewelry|Womens Jewelry & Watches|Womens Jewelry|Womens Bracelets & Charms|Fashion Bracelets & Charms
Rock-a-Bye Bones : A Sarah Booth Delaney Mystery,"Books|Literature & Fiction Books|Fiction Novels|Mystery, Thriller & Suspense Books|Mystery & Detective Books|Books with Women Sleuths"
1.30 Carat (ctw) 14K White Gold Round Diamond Ladies 3 Stone Bridal Engagement Ring Set With Band,Jewelry|Womens Jewelry & Watches|Womens Jewelry|Womens Rings|Fashion Rings
"14K White Gold Diamond Natural Amethyst Ring 3-Stone Oval 8x6mm with Swiss Blue Topaz, sizes5-10",Jewelry|Womens Jewelry & Watches|Womens Jewelry|Womens Rings|Fine Rings
SWAK Designs Women's Plus Size Candice Chiffon Dress,Clothing|Women|Womens Dresses & Jumpsuits|Womens Dresses
Eddie Bauer Women's Passenger Ponte 5-Pocket Pants,Clothing|Women|Womens Pants & Leggings|Womens Pants|Womens Casual Pants
"Maevn PURE Women's 3 Panel V-Nect Top & Modern Yoga Pants Scrub Set [XXS - 3XL, FREE SHIPPING]","Clothing|Women|Womens Activewear|Womens Activewear Leggings, Pants & Capris"
"Women's LaCrosse Uplander II 6"" Duck Boot",Clothing|Shoes|Womens Shoes|All Womens Shoes
Women's Rialto Adora Ballet Flat,Clothing|Shoes|Womens Shoes|Womens Casual Shoes
JustVH Women's Solid Henley V-Neck Casual Blouse Pleated Button Tunic Shirt Top,Clothing|Women|Womens Tops & T-Shirts|Womens Blouses & Shirts
Women with Control Controlways Top with Cut- Out A273771,Clothing|Women|Womens Coats & Jackets
"14K Yellow Gold Natural Green Amethyst, Morganite & Tiger Eye Ring 3-Stone 7x5 mm Oval Diamond Accent, sizes 5 - 10",Jewelry|Womens Jewelry & Watches|Womens Jewelry|Womens Rings|Fine Rings
Arabesque Flower Circle Design Tee Women's -Image by Shutterstock,Clothing|Women|Womens Tops & T-Shirts|Womens T-Shirts
Colorful Paisley Monkey Head Muscle Tank Women's -Image by Shutterstock,Clothing|Women|Womens Tops & T-Shirts|Womens Blouses & Shirts
Maternal and Newborn Success,"Books|Medical Books|Nursing Books|Maternity, Perinatal & Women's Health Nursing Books"
Ice Skates Jackson Supreme 5500 Women's Boot,Clothing|Shoes|Womens Shoes|All Womens Shoes
Eddie Bauer Women's Favorite Long-Sleeve Crewneck T-Shirt,Clothing|Women|Womens Tops & T-Shirts|Womens T-Shirts
Origami Small Giraffe Zoo Animal Anklet Dangle Charm Ankle Bracelet 925 Sterling Silver Adjustable 9 to 10 Inch Extender,Jewelry & Watches|Womens Jewelry & Watches|Womens Jewelry|Womens Anklets|Fashion Anklets
Qraftsy Women Floral Embroidery And Mesh Band Longline With Extra Plunge Bra - 6 Pack,Clothing|Women|Womens Lingerie & Shapewear|Womens Bras|Bras
"Plus Size Pirate Boot, 3 3/4''",Clothing|Shoes|Womens Shoes|All Womens Shoes
"Port Authority J335 Hooded Core Soft Shell Jacket, Dress Blue Navy/ Battleship Grey, XS",Clothing|Women|Womens Coats & Jackets
"Three Stone Princess Cut Diamond Anniversary Engagement Ring 1.00 Carat (ctw) Color G-H, Clarity I1) in 14K Yellow and White Gold",Jewelry|Womens Jewelry & Watches|Womens Jewelry|Womens Rings|Fine Rings
Zac Rachel Women's Long Sleeve Button Down Woven/Knit Shirt - Black - Medium,Clothing|Women|Womens Tops & T-Shirts|Womens Blouses & Shirts
"Womens AR35 Adarra Wide Calf Over The Knee Boots, Black Smooth",Clothing|Shoes|Womens Shoes|All Womens Shoes
I'M ISOLAMARRAS Women's One Button Cropped Jacket 29 Black,Clothing|Women|Womens Coats & Jackets
SkylineWears Womens One Piece Fashion Playsuit Ladies Jumpsuit,Clothing|Women|Womens Dresses & Jumpsuits|Womens Rompers & Jumpsuits
New Way 862 - Women's Long Sleeve T-Shirt I Tried It At Home Experiment Fire Funny Humor Small Envy,Clothing|Women|Womens Tops & T-Shirts|Womens T-Shirts
Platinum 5 mm Comfort Fit Half Round Wedding Band - Size 9.5,Jewelry|Womens Jewelry & Watches|Womens Jewelry|Womens Rings|Fine Rings
Green Glow Bracelet (Pack of 8),Jewelry|Womens Jewelry & Watches|Womens Jewelry|Womens Bracelets & Charms|Fashion Bracelets & Charms
Charter Club Navy Blue White Button Detail Bell-Sleeve Crew Neck Sweater XXL,Clothing|Women|Womens Sweaters
Call of the Wild Howling the Full Moon Women's Racerback Alpha Wolf,Clothing|Women|Womens Tops & T-Shirts|Womens Tank Tops
Awesome Live Love Crew Rowing Large Graphic Women's Cotton T-Shirt,Clothing|Women|Womens Tops & T-Shirts|Womens Tops & T-Shirts
Liyu Adult Black Patent Zipper Closure Sturdy Sole Oxford Shoes,Clothing|Shoes|Womens Shoes|Womens Dress Shoes|Womens Dress Shoes
Allwitty 1039 - Women's T-Shirt Ipac Pistol Gun Apple Iphone Parody,Clothing|Women|Womens Tops & T-Shirts|Womens T-Shirts
FashionOutfit Women's Solid Open Front Draped Neck Sleeveless Vest Cardigan - Made in USA,Clothing|Women|Womens Sweaters
Sunsets Stained Glass Muse Bikini Top D-DD Cups,Clothing|Women|Womens Swimwear|Womens Bikinis|Womens Bikini Tops
"14K Yellow Gold Natural Citrine, Opal & Lemon Quartz Ring 3-Stone 7x5 mm Oval Diamond Accent, sizes 5 - 10",Jewelry|Womens Jewelry & Watches|Womens Jewelry|Womens Rings|Fine Rings
Dr. Comfort Paradise Women's Casual Shoe: 4.5 X-Wide (E-2E) Black Velcro,Clothing|Shoes|Womens Shoes|Womens Casual Shoes
Die for Love: Library Edition,"Books|Literature & Fiction Books|Fiction Novels|Mystery, Thriller & Suspense Books|Mystery & Detective Books|Books with Women Sleuths"
Women's Sterling Silver Cat Fashion Ring,Jewelry|Womens Jewelry & Watches|Womens Jewelry|Womens Rings|Fashion Rings
Casual Nights Women's 2 Piece Floral Robe and Gown Set,Clothing|Women|Womens Sleepwear & Loungewear|Womens Nightshirts & Gowns
MBJ WB670 Womens Fold-Over Maxi Skirt XXXL TAUPE,Clothing|Women|Womens Skirts
"KATARINA Diamond Fashion Ring in 10K White Gold (2 cttw) (I-Color, SI3/I1-Clarity) (Size-7)",Jewelry|Womens Jewelry & Watches|Womens Jewelry|Womens Rings|Fine Rings
Urbane Urbane Classic Crossover Scrub Top Scrub Top,Clothing|Women|Womens Scrubs
Harry Potter Gryffindor Quidditch Seeker Uniform Shortie PJ Set,Clothing|Women|Womens Activewear|Womens Activewear
2 TCW Round Cubic Zirconia Eternity Band in Sterling Silver,Jewelry|Womens Jewelry & Watches|Womens Jewelry|Womens Rings|Fashion Rings
Lush NEW Red Womens Size Medium M Boho Printed Wide-Leg Pants,Clothing|Women|Womens Pants & Leggings|Womens Pants|Womens Casual Pants
"Diamond Solitaire Promise Ring in 14K White Gold (1/10 cttw) (I-Color, SI3-I1 Clarity) (Size-7)",Jewelry|Womens Jewelry & Watches|Womens Jewelry|Womens Rings|Fine Rings
Holy Angel Pendant Simulated Diamonds 14k Yellow Gold Finish Lab Created Cubic Zirconias Iced Out Solid Back,Jewelry|Womens Jewelry & Watches|Womens Jewelry|Womens Pendants & Necklaces|Fashion Pendants & Necklaces
Fashionable Girl In Green Dress Tee Women's -Image by Shutterstock,Clothing|Women|Womens Dresses & Jumpsuits|Womens Dresses
Women's 3/4 Sleeve 2Fer,Clothing|Women|Womens Sweaters
CafePress - Spider-Man Teacher - Women's Dark T-Shirt,Clothing|Women|Womens Tops & T-Shirts|Womens T-Shirts
"Silky Draped Fit Scoop-Neck Tee, Multiple Colors",Clothing|Women|Womens Coats & Jackets
Go Sit On A Cactus Fun Font Tee Women's -Image by Shutterstock,Clothing|Women|Womens Tops & T-Shirts|Womens T-Shirts
Ralph Lauren Womens Belen Leather Closed Toe Loafers,Clothing|Shoes|Womens Shoes|All Womens Shoes
"Hanes Alive Sheer to Waist Pantyhose, Style 811","Clothing|Women|Womens Socks, Hosiery & Tights|Womens Hosiery & Tights"
Women's Aviana 2457 Satin and Lace Minimizer Bra,Clothing|Women|Womens Lingerie & Shapewear|Womens Bras|Bras
Chaco Women's Zvolv Athletic Sandal,Clothing|Shoes|Womens Shoes|All Womens Shoes
DR2 NEW Pink Womens Size Large L V-Neck Printed Front-Pleat Blouse,Clothing|Women|Womens Tops & T-Shirts|Womens Blouses & Shirts
Basics - Blank Adult Hoodie Sweatshirt,Clothing|Women|Womens Sweatshirts & Hoodies
Women's Slender Stretch Slimming Skinny Jeans With Glitz Back Pocket Available in Regular and Petite,Clothing|Women|Womens Jeans|Womens Jeans
FashionOutfit Women's Long Sleeve Patched Elbow Jacquard Knit Sweater Pull over Top,Clothing|Women|Womens Sweaters
Sport-Tek Ladies PosiCharge Competitor Tee,Clothing|Women|Womens Tops & T-Shirts|Womens T-Shirts
Toms Women's Lexie Sandal,Clothing|Shoes|Womens Shoes|All Womens Shoes
925 Sterling Silver Ladies Jewelry Cubic Zirconia Id,Jewelry|Womens Jewelry & Watches|Womens Jewelry|Womens Bracelets & Charms|Fashion Bracelets & Charms
Pretty Pan Adult Costume,Party & Occasions|Halloween|All Halloween Costumes|Adult Halloween Costumes|Women's Costumes|Other Women's Halloween Costumes
Exclusive Women's Tank with Keyhole Front and Back - Blush - Medium,Clothing|Women|Womens Tops & T-Shirts|Women's Shirts & Blouses
Black Cat Jumpsuit Adult Costume,Party & Occasions|Halloween|All Halloween Costumes|Adult Halloween Costumes|Women's Costumes|Other Women's Halloween Costumes
Cross Pendant in 14 KT Gold Filled,Jewelry|Womens Jewelry & Watches|Womens Jewelry|Womens Pendants & Necklaces|Fashion Pendants & Necklaces
"Classic 4mm Domed Titanium Wedding Band, Unisex Engagement Band (Available in Sizes 4-14)",Jewelry|Womens Jewelry & Watches|Womens Jewelry|Womens Rings|Fine Rings
Picadilly NEW White Black Womens Size 3X Plus V-Neck Sheath Dress,Clothing|Womens Petite|Womens Petite Dresses & Rompers
Casual Blouses Plus Size Lattice Marled Handkerchief T-shirt For Women,Clothing|Womens Plus|Womens Plus Tops & T-Shirts|Womens Plus Tops & T-Shirts
[P] Disney Womens' Classic Mickey & Minnie Mouse Pajama Top - Grey (2XL),Clothing|Women|Womens Sleepwear & Loungewear|Womens Pajamas
INC International Concepts Deep Black Pants Size 18 NWT - Movaz,Clothing|Women|Womens Pants & Leggings|Womens Pants|Womens Casual Pants
"Edwards Garment Women's Two Pockets Chino Blend Cargo Pant, Style 8568",Clothing|Women|Womens Pants & Leggings|Womens Pants|Womens Casual Pants
"Welo Opal, Tanzanite 14K Yellow Gold and Platinum Plated 925 Solid Silver Gift Bangle Bracelet 7.5""",Jewelry|Womens Jewelry & Watches|Womens Jewelry|Womens Bracelets & Charms|Fine Bracelets & Charms
5 1/2 Inch Platform Shoes Slingback Pumpes Rhinestone Glamour Sexy Shoes,Clothing|Shoes|Womens Shoes|Womens Dress Shoes|Womens Dress Shoes
"Best Freakin Gigi Ever, Stacked Black Gift for Grandma - Ladies Short Sleeve Classic Fit Tee",Clothing|Women|Womens Tops & T-Shirts|Womens T-Shirts
Boo French Bulldog Womens Peach Round Neck Funny Halloween Tshirt,Clothing|Women|Womens Tops & T-Shirts|Womens T-Shirts
Z By Zella NEW Black Womens Size XL Space-Dye Stretch Athletic Jacket,Clothing|Women|Womens Coats & Jackets
14k Yellow Gold Mens Masonic Ring - 11.1 Grams - Size 10,Jewelry|Womens Jewelry & Watches|Womens Jewelry|Fashion Jewelry|All Fashion Jewelry
Positive Leadership Principles for Women - eBook,Books|Religion & Spirituality Books|Christian Books & Bibles|Christian Life|Women's Issues
Pocahontas Adult Costume 88923 - Small 4-6,Party & Occasions|Halloween|All Halloween Costumes|Adult Halloween Costumes|Women's Costumes|Other Women's Halloween Costumes
