Product_Name,Description
Country Brook Design 3/4 Inch Nylon Dog Leash (Various Colors & Lengths),"Country Brook Design's nylon leashes are strong and durable. Just like the collars, our leashes are custom made using high quality snap hooks. They are made with nylon webbing not polypropylene and have a tensile strength of 4200 pounds. They are four times as strong and will out last polypro leashes by many years.| 4 FOOT NYLON LEASH | 3/4 INCH WIDE | Length to give your pup freedom. Available lengths: 6 foot, 4 foot and 2 foot3,000 TENSILE STRENGTH | Constructed with top quality materials. 100% nylon webbing, featuring durable hardware. VIBRANT COLORS | Bold color that will hold its hue for years to come. Multiple color options in other ad. Leashes for all sizes; small, medium, and large. BOX STITCHING | Heavy duty stitching ensures strength throughout the leash. MADE IN THE USA | Let your freedom flag wave, we make our products right here in the U.S. of A! "
Plain Nylon Dog Collar XS Purple,Plain Nylon Dog Collar XS Purple|Made in the USA. High qualtiy webbing made to military standards with heavy duty hardware.
Country Brook Design 3/4 Inch Christmas Wish Ribbon Leash - 4 Feet,"Made by hand in the United States of America, this grosgrain ribbon leash features top of the line nickel plated steel hardware and heavy nylon webbing. Our in house artisans sew the grosgrain ribbon atop nylon to give this strong and durable leash that beautiful POP that you expect from Country Brook Design. Our grosgrain ribbon is made of soft polyester with the bright and lustrous design sublimated into the fabric and is then paired with the perfect color of nylon to best benefit the entire look of the leash. We offer our leashes in three different lengths of 2 foot, 4 foot, and 6 foot. So whether you are taking your dog on a leisurely stroll downtown or on a high intensity run through the park, a grosgrain ribbon leash is the perfect choice for your dog! Country Brook Design makes all their leashes after the order has been placed. However, rest assured as your leash will ship within four business days of receiving payment.| Made in the U.S.A. Features top quality nickel plated steel hardware Made with 100% heavy nylon webbing Sublimated polyester grosgrain ribbon sewn on one side of nylon webbing Sewn together with B69 heavyweight bonded nylon thread "
Ames Walker AW Style 16 Sheer Support 15-20mmHg Moderate Compression Knee Closed Toe Knee High Stockings - Relieves pain of tired aching legs-Helps prevent varicose veins,"There's a reason our AW Style 16 Sheer Knee High is one of our most popular styles. This compression garment provides 15-20 mmHg moderate compression, reinforced toe and heel pockets, and a non-restrictive top band! Choose your best fit from our regular and wide sizes. Excellent quality and value! Features: 15-20 mmHg graduated compression Reinforced Heel and Toe Wide non-compressive toe box Non-restrictive comfort top band Made in the USA Fiber Contents: 80% Nylon, 20% Spandex Sold as a pair|There's a reason our AW Style 16 Sheer Knee High is one of our most popular styles. This compression garment provides 15-20 mmHg moderate compression, reinforced toe and heel pockets, and a non-restrictive top band! Choose your best fit from our regular and wide sizes. Excellent quality and value! Features: •&nbsp;15-20 mmHg graduated compression •&nbsp;Reinforced Heel and Toe •&nbsp;Wide non-compressive toe box •&nbsp;Non-restrictive comfort top band •&nbsp;Made in the USA •&nbsp;Fiber Contents: 80% Nylon, 20% Spandex Sold as a pair"
"Pre-Vent II Series Pro Pressure Reduction Mattress - 36""x 80""x 6""",Part #36810500 - Pre-Vent Ii Series Pro Pressure Reduction Mattress - 36&quot;X 80&quot;X 6&quot;|Features Exclusive pressure-redistribution hexon top layerBarrier lok infection control systemAll med-flex vpf foams and cover materials are anti-microbial and fire retardantSpecifications Manufacturer: Bluechip MedicalApplication: Bed MattressCover Material: NylonDimensions: 6 X 36 X 80 InchProp 65: NoType: Pressure Reduction Mattress1 Each / Each
Unique Bargains A6 Paper Zipper Closure Files Folders Holder Bag Green,"Description: It is fit for Sz A6 File Use. &nbsp;Features: Zip Up Clousre, Meshy Style Inner, Rectangle Shaped, Water Resistant. Also can store your receipts, coupons, pen, ruller and eraser. It can keep document clean and dry. &nbsp; For CALIFORNIA residents only: WARNING: This product contains chemicals including DEHP, which is known to the State of California to cause cancer and birth defects or other reproductive harm.Please note that by posting this Proposition 65 warning, we are notifying you that one or more of the Proposition 65 listed chemicals may be present in a product. With Unique Bargains' products, the exposure to these chemicals may be of no significant risk to you, but out of caution, we have elected to place this warning on our site to make sure our customers are informed. You can find more infomation at http://www.oehha.ca.gov/proposition-65/about-proposition-65.| Bag Flat Size : 230 x 110mm / 9&quot; x 4.3&quot;(L * W);Material : Nylon, Plastic Color : Green Weight : 17g Package Content : 1 x File Bag "
Country Brook Petz Bunnies and Chicks Ribbon on Lavender Half Check Dog Collar Limited Edition,"Half check collars are a variation of humane choke collars and Country Brook Design offers custom-made selections that are high fashion. A half check collar is part collar and part chain. The half check collar is comparable to the martingale collar because it is a limited choke collar. It has a two-loop design that works by tightening on the dog's neck when it is trying to remove its head from the collar or is struggling against a leash, but will loosen again when the dog stops struggling. A half check collar is a training tool for dogs that are a problem when on a leash and slip out of a conventional collar. It can be used for large and giant breeds that can easily pull an owner down. You can order any of our collars as a half check collar. If you do not see the design you'd like featured in our Half Check collars section, please feel free to call or send an email with your design of choice for your collar. Country Brook makes all their collars after the order has been placed. However, rest assured as your collar will ship within four business days of receiving payment. There are no standard sizes for dog collars. Please be sure to measure your dog's neck for correct size. Measure around your dog's neck (with string or tape measure) snugly where you want the collar to lay. If you have any questions or problems with sizes please give us a call before ordering.| Collar fits 16in - 22in neck. There are no standard sizes for dog collars. Please be sure to measure your dog's neck for correct size. Measure around your dog's neck (with string or tape measure) snugly where you want the collar to lay. If you have any questions or problems with sizes please give us a call before ordering. 256-974-0700 Breed Recommendation: Pitbull, German Shepherd, or Golden Retriever Made in U.S.A. with top quality hardware Grosgrain ribbon sewn over 100% nylon "
Doco DCA201-18XL Puffy Air Mesh Step-In Harness Leash&#44; Raspberry Pink - Extra Large,"Puffy air mesh step-in harness features lightweight and durable high quality air mesh that provides a comfort fit, total control and style between your dog's chest. Ultra comfort designs using smoother webbing for the comfort of your buddy. Easy on and easy off, durable side release plastic buckle with adjustable tri-glide for custom fits. Heavy-duty stitching for lasting quality and fully welded metal d-o-ring for higher tensile pull force. Solid and vibrant colors are easy to see. Air mesh is breathable and light weight, keep your pet cool and ventilated and super soft and comfortable on dog's skin and fur. All of harnesses are designed to reduce stress, allowing weight to be distributed evenly through the chest and shoulders when your buddy during walks. Features Puffy air mesh step-in harness leash 100% high quality nylon Hi-Density quality air mesh fabric |Puffy air mesh step-in harness features lightweight and durable high quality air mesh that provides a comfort fit, total control and style between your dog's chest. Ultra comfort designs using smoother webbing for the comfort of your buddy. Easy on and easy off, durable side release plastic buckle with adjustable tri-glide for custom fits. Heavy-duty stitching for lasting quality and fully welded metal d-o-ring for higher tensile pull force. Solid and vibrant colors are easy to see. Air mesh is breathable and light weight, keep your pet cool and ventilated and super soft and comfortable on dog's skin and fur. All of harnesses are designed to reduce stress, allowing weight to be distributed evenly through the chest and shoulders when your buddy during walks. Features Puffy air mesh step-in harness leash 100% high quality nylon Hi-Density quality air mesh fabric Breathable air mesh for comfort and soft feel on dog's skin Dual Layered for higher tensile strength with strong back webbing Heavy duty metal accessories Durable plastic buckle on the top for easy on and easy off Puffy padded feel for dog's comfort Vibrant colors are easy to see at any time of the day Specifications Color: Rasperry Pink Puff Mesh Leash: DCA1150, DCA1160, DCA1348 Extra Small: .375 x 13-17&quot; Small: .625 x 18-25&quot; Medium: .75 x 21-30&quot; Large: 1 x 26-39&quot; Extra Large: 1.5 x 30-46&quot; - SKU: DCPTL207"
Doco DCROPE2072-02L Reflective Rope Leash with Stylish Loop&#44; Blue - Large,"Reflective rope leash with stylish loop handle features strong and stylish plastic handle loop for comfort on the hand grip. Designed with our patented rope clip that is outstanding in design. There are reflective stitching throughout the rope that reflects the light for extra safety in darkness. Fitted with black polished, zinc alloy durable metal 360 swivel hook. Easy to snap on any dog collar or harness. Solid and vibrant colors are easy to see at all times. Our reflective rope dog leashes are a popular length 6'(180cm), and a good choice for walking most dogs. This leash works well for basic obedience training of puppies, and young dogs. Shorter traffic or control leads are also available. Features Reflective rope leash with stylish loop Heavy Duty polyester Rope webbing Multi-layer braided for higher tensile strength Reflective threads for safety &amp; visibility at night&lt;/ |Reflective rope leash with stylish loop handle features strong and stylish plastic handle loop for comfort on the hand grip. Designed with our patented rope clip that is outstanding in design. There are reflective stitching throughout the rope that reflects the light for extra safety in darkness. Fitted with black polished, zinc alloy durable metal 360 swivel hook. Easy to snap on any dog collar or harness. Solid and vibrant colors are easy to see at all times. Our reflective rope dog leashes are a popular length 6'(180cm), and a good choice for walking most dogs. This leash works well for basic obedience training of puppies, and young dogs. Shorter traffic or control leads are also available. Features Reflective rope leash with stylish loop Heavy Duty polyester Rope webbing Multi-layer braided for higher tensile strength Reflective threads for safety &amp; visibility at night Easy to click on and take off Durable plastic rope clip to ensure the quality and easy grip Vibrant colors are easy to see at any times Specifications Color: Blue Nylon Harness: DCSN202 Nylon Collars: DCSN002, DCS006 Length: 5/8&quot; x 72&quot; (13mm x 180cm) - SKU: DCPTL584"
comfortable Flex-Knee Support Brace for Maximum Pain Relief and Stability,"High quality Magnetic Knee Brace has been refined and developed over several years to get you just the relief you've been waiting for. This is a natural way to help you move around more freely. The special neoprene material is elastic enough to give a great fit and make every move comfortable - still the support is enough to help stabilize your knee. The heat reflecting material helps you to increase the local blood flow to help prevent inflammation in your joints. It protects the knee from jarring and twisting. And it's so lightweight and comfortable against the skin. Touch-close fastening and super-adjustable to fit most adults. For both men and women. Wear it underneath your pants - nobody will notice it. Washable. Imported neoprene/nylon blend. Find out why thousands of men and women rely on the Magnetic Knee Helper to get by every day.| Custom fit, relieves pain, reduces swelling, Improves circulation, relieves stiffness and Reduces fatigue for arthritis sufferers The heat reflecting material helps you to increase the local blood flow to help prevent inflammation in your joint It protects the knee from jarring and twisting and it's so lightweight and comfortable against the skin The product retains natural body heat in the affected area, the strong support acts like another layer of ligament that reduces stress on the joint "
Sigvaris Advance Armsleeve 912AXRG77-PS 20-30 mmHg Advance Arm Sleeve With Gauntlet Plus; Beige; Extra Large and Regular,Sigvaris Advance Armsleeve 912AXRG77-PS 20-30 mmHg Advance Arm Sleeve With Gauntlet Plus; Beige; Extra Large and Regular|Sigvaris Advance armsleeves are woven from microfiber polyamide nylon which pulls moisture away from the skin to keep you comfortable year round. It is also very soft. To further protect your skin the fabric is infused with silver ions which are naturally anti-bacterial. What really sets this sleeve apart is the Sensinnov top-band. The Sensinnov band is used on Sigvaris premium thigh highs. Instead of dots or strips of silicone its one smooth sheet making it very skin friendly. Perfect for fragile or sensitive underarm skin. Sensinnov will keep your sleeve in place and wont roll. Sensinnov grip-top standard.Features. Compression - 20-30mmHg. Size - XR. Color - Beige
Pug Life Puppy Canvas Dual Two Compartment Travel Toiletry Dopp Kit Bag,"A versatile toiletry kit that has two compartments, lined with nylon to keep anything from dripping out of the bag, constructed of rugged unwashed canvas, with a convenient carry handle and easy access zipper closure. Innovative design features: durable carry handle with easy access zipper closure to keep your valuables safe and secure while you’re on the go. Two compartment the main measures 9.&quot; (L) x 5.5&quot; (H) x 4&quot; (w), the second compartment 9.&quot; (L) x 5.5&quot; (H) x 2&quot; (w weight: 0.70 Lbs Great everyday and travel bag: fully lined two compartments with zipper closure for extra security. Great organizer for all of your travel essentials like body wash, shampoo, toothpaste, toothbrush, deodorant, cosmetics, and so much more; perfect for travel, carry on, makeup, and even hunting. TSA approved. Premium quality: made with 100% premium quality canvas fabric for a long lasting durable, sturdy design. Hand crafted antique brass hardware accents for enhanced vintage look and feel. Perfect multifunctional design: use as a toiletry was bag, travel kit, travel storage organizer ,makeup organizer ,cosmetic bag ,portable travel kit organizer ,household storage pack ,shaving kit bag, shaving dopp kit etc camping bag, make-up bag, and much more. Great for flights, school, leisure, gym, backpacking, camping, and even hunting; perfect for students of all ages men, women, teens, girls, and boys. | Two Compartments: 9.&quot; (L) x 5.5&quot; (H) x 4&quot; (W) and 9.&quot; (L) x 5.5&quot; (H) x 2&quot; (W), weight: 0.70 lbs Lined compartments, zipper closure, carry handle. Made with durable 100% premium quality canvas fabric. "
Extra large Professional Thermal Hot Curl Brush - Wild Boar / Nylon Light Wood H by Bass Brushes,Extra large Professional Thermal Hot Curl Brush - Wild Boar / Nylon Light Wood H by Bass Brushes|Bass Brushes. . . .
Coastal Pet Nylon Lead - Black 4' Long x 5/8 Wide - Pack of 3,"This lead consists of 3/8&quot; nylon and is primarily used for cats, puppies, and very small pets.Coastal's high quality nylon is thick and strong and specially processed to prevent fraying.All nylon products are carefully and neatly finished for the best look and durability.This is an offering for multi quantity bundle - 3 count|Coastal Pet Nylon Lead - Black 4' Long x 5/8 Wide - Pack of 3"
"L'Oreal Paris Infallible Pro-Last Lip Color, Perpetual Apricot [207] 0.17 oz","This is the Long-Lasting, Transfer-Proof Color You've Been Searching For High-Intensity, Transfer-Resistant Color Longwearing Formula Stays Put for Up to 24 Hours Dual-Sided Tube Locks in Color &amp; Adds Moisture Promotes no fading, no bleeding.&nbsp; The high-intensity color glides on with a moisturizing feel that lasts up to 24 hours.&nbsp; The result:&nbsp; Bold lips without the dry-out and no need to re-apply. Ingredients:&nbsp; Base Coat: &nbsp; Isododecane, Trimethylsiloxysilicate, Nylon-611/Dimethicone Copolymer, Disteardimonium Hectorite, Lauroyl Lysine, Propylene Carbonate, C30-45 Alkyldimethylsilyl Polypropylsilsesquioxane, Calcium Aluminum Borosilicate, Alumina, Calcium Sodium Borosilicate, Silica, Synthetic Fluorphlogopite, Hydroxypalmitoyl Sphinganine, Tin Oxide, Polyethylene Terephthalate, Paraffin, Benzyl Alcohol, Acrylates Copolymer, Sodium Hyaluronate, Fragrance.&nbsp; May Contain (+/-):&nbsp; Titanium Dioxide (CI 77891), Iron Oxides (CI 77491, 77492, 77499), Red 7 (CI 15850), Red 28 Lake (CI 45410), Yellow 6 Lake (CI 15985), Red 22 Lake (CI 45380), Red 6 (CI 15850), Yellow 5 Lake (CI 19140), Blue 1 Lake (CI 42090), Carmine (CI 75470), Red 7 Lake (CI 15850).Top Coat:&nbsp; Trimethyl Pentaphenyl Trisiloxane, Bis-Diglyceryl Polyacyladipate-2, Ozokerite, Beeswax, Tocopheryl Acetate, Pentaerythrityl Tetraisostearate, Benzyl Alcohol, Sodium Chondroitin Sulfate, Atelocollagen, Sodium Hyaluronate, Fragrance.|L'Oreal Paris Infallible Pro-Last Lip Color, Perpetual Apricot [207] 0.17 oz"
Country Brook Design Economy Nylon Dog Collars(Various sizes & colors available),"Country Brook Design's economy nylon collar is a safe, comfortable collar made right here in the U.S.A. These economy nylon collars are perfect for holding all of your dog's essential accessories and personalized ID Tags. These nylon collars are made from durable nylon webbing. Nylon webbing is a heavy-duty yet soft and flexible material with a sleek and attractive appearance. These collars are also constructed using contoured plastic economy buckles, wide-mouth triglides, and welded D-rings. Warning: This Collar Is NOT To Be Used On Dogs That Are Kept Tied Up Outside.| Collar fits 11in-13in neck. There are no standard sizes for dog collars. Please be sure to measure your dog's neck for correct size. Measure around your dog's neck (with string or tape measure) snugly where you want the collar to lay. If you have any questions or problems with sizes please give us a call before ordering. 256-974-0700 Breed Recommendation: Boston Terrier, Dachshund, or Pug Made in U.S.A. with top quality hardware Features an economy contoured plastic side-release buckle "
"Coastal Pet Products 06343 PKB14 3/8 Inch Nylon Standard Adjustable Dog Harness, X-Small, 10 - 18 Inch Girth, Pink Bright","Coastal Pet Products 06343 PKB14 3/8 Inch Nylon Standard Adjustable Dog Harness, X-Small, 10 - 18 Inch Girth, Pink Bright|Our Adjustable Nylon Dog Harness features high-quality, durable nylon, making it a great everyday harness. Available in a variety of colors, this harness is completely adjustable to get just the right fit for most dogs. Plus, our unique, curved, snap-lock buckle provides added comfort at every step. Features: D-ring on back for easy leash attachment Quality guaranteed Not for use with tie-outs Ideal for walks Harnesses are great walking tools Adjustable nylon harnesses have girth and chest adjustment slides "
Anti-Embolism Stockings X-Lrg 15-20mmHg Thigh Hi Closed Toe,|Blue Jay Brand * Regular length * Graduated compression * Worn by non-ambulatory patients to reduce possibility of pulmonary embolism * Fiber content: Nylon (85%) Spandex (15%) * Reciprocated heel/comfort toe * Laid in Spandex * Silicone strips in top to avoid slippage * Two-way stretch * Sewn-in panel relieves compression in thigh area * Color: beige *
Unique Bargains Pet Dog Puppy Rose Lace Decor Princess Wedding Dress Skirt Gold Tone Size M,"Package Content: 1 x Pet SkirtProduct Name: Pet SkirtColor: Gold Tone, WhiteMaterial: Organza, Nylon, Cotton Blends, Lace| Our size is same as US or international size. Please kindly check your pets measurements to make sure the item fits before ordering. Features with rose flower string decor,lace edge sleeveless dog skirt. Single-breasted design,put on or take off easily. It is easy and comfortable to wear. Size available are XS,S,M,L; Color available both are White with Gold Tone. "
DJO ProCare Elbow Support - 79-81031BX - 6 Each / Box,"DJO ProCare Elbow Support - 79-81031BX - 6 Each / Box|Manufacturer #79-81031 Brand ProCare Manufacturer DJO Application Elbow Support Color Black Fastening Type Contact Closure Material Nylon Size Universal Style Tennis UNSPSC Code 42241805 Features Functional design, washable supportComfortable fit and compression to address lateral / medial epicondylitis and tendonitis"
"2PET Puppy ID Collars - Adjustable & Reusable Bands -Perfect for Identification Twelve Colors ID Bands. All Breeds 14"" Long"," EASY TO WEAR &amp; ADJUST Adjust, and secure without buckles, clips, ties or sticky paper tabs. Also can be cut down and used for kittens COLORFUL - 12 colors ID bands collar can help to keep track and identify pups and kittens easily GREAT MATERIAL Durable Nylon collars made of Soft and lightweight velcro, your puppy never get hurt or cut into their furs SIZING AND COLOR: 12 Assorted colors measures 16-inch long and 3/8-inch width, washable, reusable and colorfast |2PET Puppy ID Collars - Adjustable &amp; Reusable Bands -Perfect for Identification Twelve Colors ID Bands. All Breeds 16&quot; Long"
BELLINGHAM NITRILE TOUCH EQUESTRIAN GLOVES,"BELLINGHAM NITRILE TOUCH EQUESTRIAN GLOVES|Six assorted colors: pink, orange, yellow, green, blue, purple Abrasion and puncture resistant nitrile coating molds to the hand Breathable seamless 13 gauge nylon knit liner Durable Excellent dexterity "
Ames Walker Women's AW Style 7061 Lymphedema Compression Armsleeve w/ Silcone Band - 20-30 mmHg AW7061-P,"This new Ames Walker lymphedema armsleeve is designed with a 1&quot; band with silicone strips to provide stay-up support. It helps to manage limb swelling, and the soft fabric makes it easy to put on and take off. The 20-30 mmHg provides firm compression should be used in cases of moderate to severe lymphedema, where there may be some shape distortion. Lymphedema armsleeves are intended to help manage edema swelling in the arm, quite often due to post-mastectomy conditions. Features: 20-30 firm compression contains edema Stylish fabric blends in with your daily wardrobe 75% Nylon, 25% Spandex Made in the USA *The ensure proper fit, please take your measurements precisely.&nbsp;If your measurements are borderline for the next size, you may consider picking the next size up to ensure a comfortable fit.|Ames Walker Women's AW Style 7061 Lymphedema Compression Armsleeve w/ Silcone Band - 20-30 mmHg AW7061-P"
Crew Diabetic Socks 12 Pieces Pack,"Crew Diabetic Socks for both men and ladies, One Dozen Pack. Colors available in DBP, DWHITE and DGP. Machine wash cold, do not bleach. 88% Cotton/10% Nylon/2% Spandex.| Machine wash cold, do not bleach Colors available in DBP, DWHITE and DGP "
Country Brook Design Premium Puppy Picnic Ribbon Dog Collar,"Your dog will love wearing this handmade dog collar from Country Brook Design. Crafted with sumptuous grosgrain ribbon atop heavy duty nylon webbing, this collar is soft and durable. The stitching is carefully monitored for quality and Country Brook Design uses only B69 heavyweight bonded nylon thread for strength. Box stitching is used instead of triple stitching for an even stronger bond that will hold up to years of abuse. The grosgrain ribbon is made of soft polyester and the pattern is heat sublimated into the fabric for durability. The aluminum side release buckle are high tenacity buckles. All of this adds up to a quality collar that you can trust to last longer. There are no standard sizes for dog collars. Please be sure to measure your dog's neck for correct size. Measure around your dog's neck (with string or tape measure) snugly where you want the collar to lay. If you have any questions or problems with sizes please give us a call before ordering. The design on your collar may vary in different places because they are lovingly handmade and are all a little different. However, each is quality inspected for durability. Country Brook makes all their collars after the order has been placed. However, rest assured as your collar will ship within four business days of receiving payment.| Collar fits 13in - 16in neck. There are no standard sizes for dog collars. Please be sure to measure your dog's neck for correct size. Measure around your dog's neck (with string or tape measure) snugly where you want the collar to lay. If you have any questions or problems with sizes please give us a call before ordering. 256-974-0700 Breed Recommendation: Greyhound, French Bulldog, or Collie Made in U.S.A. with top quality hardware Features an aluminum side release buckle with a mirror finish "
Doco DCS005-10XL Double D-Ring Dog Neck Collar&#44; Olive Green - Extra Large,"Dd collar (double d-ring) has two fully welded black color finished d-rings for added security and strength. This 2 d-ring collars design is to alleviate the pressure from the quick release buckle. Allowing this collar to have maximum pull strength. The high quality nylon provides a comfort fit between your dogs neck and collar. Id ring for attaching your pets identification. Feel safe and secure with the collar. Perfect for bigger breed and when you handling a strong dog. Features Double d-ring dog neck collar 100% high quality nylon Higher tensile strength Nylon is resistance to mildew, aging and abrasion Quick &amp; easy release plastic buckle Tri-glide for easy Heavy duty D-Ring for leash and ID tag Vibrant colors are easy to see at all times Specifications Color: Olive Green Nylon Dog Leash: |Dd collar (double d-ring) has two fully welded black color finished d-rings for added security and strength. This 2 d-ring collars design is to alleviate the pressure from the quick release buckle. Allowing this collar to have maximum pull strength. The high quality nylon provides a comfort fit between your dogs neck and collar. Id ring for attaching your pets identification. Feel safe and secure with the collar. Perfect for bigger breed and when you handling a strong dog. Features Double d-ring dog neck collar 100% high quality nylon Higher tensile strength Nylon is resistance to mildew, aging and abrasion Quick &amp; easy release plastic buckle Tri-glide for easy Heavy duty D-Ring for leash and ID tag Vibrant colors are easy to see at all times Specifications Color: Olive Green Nylon Dog Leash: DCS1048, DCS1072, DCS2048, DCS1148, DCS1172 Medium: .75 x 14-20&quot; Large: 1 x 18-27&quot; Extra Large: 1.5 x 20-30&quot; - SKU: DCPTL219"
JJ Cole Urban Toddler Bundleme,"Your baby will experience luxurious comfort and warmth with every walk you take, every trip to the park and every ride in the car with the JJ Cole Urban Bundleme. Keep your baby warm and dry in this sleek bunting. The Urban Bundleme features weather-resistant embroidered outer nylon and rich inner thermaplush, making it perfect for chilly temperatures.The Urban Bundleme is designed to make your life easy and stress-free. The back has convenient openings that make threading any safety harness through a cinch! If the weather warms up, the top is removable for easy temperature control. Remove the top, stash it under the stroller and you are ready to go. The JJ Cole Urban Bundleme is compatible with most car seats, strollers and joggers. The adjustable elastic straps easily secure across the back of most travel items for a snug fit.| JJ Cole Urban Toddler Bundleme: For use with car seats, strollers and joggers Allows safety straps to rest directly on your child Available in 2 sizes: infant or toddler (each sold separately) Available in a variety of colors to suit your personal style Machine washable Questions about product recalls? Items that are a part of a recall are removed from the Walmart.com site, and are no longer available for purchase. These items include Walmart.com items only, not those of Marketplace sellers. Customers who have purchased a recalled item will be notified by email or by letter sent to the address given at the time of purchase. For complete recall information, go to Walmart Recalls."
"Drive Medical VerteWrap LSO Back Brace, Extra Small","Active Care has the ideal brace for back support. The brace is large enough to support and cover the back all the way from the tail bone to the 9th bone in the thoracic section of the spine, which is located below the shoulder blades. It offers the best in spinal bracing and pain relief, improves mobility and allows for faster recovery after surgery, and encourages a proper posture. The brace is lightweight which leaves the user more comfortable and allows it to be used anytime of the day, but even more is the brace is made of a strong, flexible, and breathable advanced nylon ensuring the product is perfect in design. The inside and outside panels are rigid in design to allow for better support of the abdominals and for constant consistent relief. The brace is even easily adjustable for each user with easy to use side pull straps and simple hook and loop fasteners.| Covers the back from the sacrococcygeal junction (tail bone) to the T-9 vertebrae (below the shoulder blades) Provides spinal bracing and pain relief, improves functional mobility and stabilizes the back following surgery, as well as encouraging proper posture Lightweight for ideal patient comfort and made of strong, flexible, and breathable advanced materials Rigid anterior and posterior panels to enhance abdominal compression and provide consistent pain relief Easily adjustable to each patient with convenient side-pull straps and simple hook-and-loop fasteners Actual Product Weight: 2 lbs Overall Product Height: 1&quot; Overall Product Length: 27&quot; Overall Product Width: 8&quot; Primary Product Color: Black Primary Product Material: Nylon Product Size: Extra Small (22&quot;-27&quot;) "
POLKA DOT-PURPLE-MULTI2-L 4 ft. Dot Dog Leash&#44; Purple & Multi - Small,|Our fancy dog leashes are super-strong and made to last. Keep your dog safe and secure with durable nylon webbing. Features Type - Dog Leash Color - Purple/Multi 
AGPtek Potty Dog Training Doorbells for Housebreaking Housetraining Adjustable Door Bell Length for Dog,"Description: 1.Effective: The most effective way to potty train your dog, whether it is a new dog or puppy this will get your dog communicating without barking, scratching or whining. 2.Extra Loud Bells: 1.4&quot; Extra Loud Bells are loud and can be heard throughout your home. You can use this door and NEVER miss your dog and when they need to go outside. 3.Durable: This potty training door bell is incredibly durable its made from heavy duty nylon material to last longer than other cheaply made ribbon alternatives. 4.Potty Training Make Easy: Teach your dog how to potty train effortlessly, with potty training door bells! 5.Great training device: dog rings bells that hang from door knob to let you know he/she needs to go outside. Training your pet with bells is a great &amp; successful method for house breaking. One for front &amp; back door or give as a gift to a friend. Bells are strategically placed for ease of use for your pet. Main strap made of polypropylene fiber. 6.Now You Can Finally Keep Your House Clean And Tidy With AGPtek Potty Training Doggy Door Bells: The Most Effective Potty Training Tool. 7.Are you tired of cleaning your home three times per day because your new puppy makes your home a mess when you are away? 8.Puppies need to be trained in order to understand that it is not okay to urinate or defecate inside the house. Many people use absurd ways of potty training like beating their dogs. But that's not what a responsible pet owner like you should do. 9.Especially when there are much better, easier and MORE EFFECTIVE ways to POTTY TRAIN your dog! 10.AGPtek Potty Training Doggy Door Bells is a cleverly designed potty training door bell which can effectively teach your dog to eliminate in the right place! How It Will Help You: 1.It makes potty training easier and less exhausting for both you and your puppy! 2.Simply hang it on the door and follow the instructions to teach your dog to ring the bell when it needs to eliminate! 3.It will save you tons of time on cleaning a messed up living room! 4.No more poop on your carpets, floor or bedroom. Our Doggy Bells will teach your puppy how to go outside when it needs to go to the toilet! Package included: 1 x Potty Training Bell|AGPtek Potty Dog Training Doorbells for Housebreaking Housetraining Adjustable Door Bell Length for Dog"
Tuff Collar Nylon Adjustable Dog Harness - Purple X-Small (Girth Size 10-14) - Pack of 2,"Adjustable harnesses, are available in four sizes to fit most dogs.Coastal's high quality nylon is thick and strong and specially processed to prevent fraying.All nylon products are carefully and neatly finished for the best look and durability.This is an offering for multi quantity bundle - 2 count|Tuff Collar Nylon Adjustable Dog Harness - Purple X-Small (Girth Size 10-14) - Pack of 2"
"Evolur Nova Reversible Seat Stroller, Gray","Evolur introduces its Nova 3-in-1 stroller, designed with the modern family in mind; with life, shifting from moment to moment Nova will keep you moving no matter what comes your way. Transitioning from baby to toddler this stroller offers a convenience featuring a reversible seat that offers a parent forward and back-facing options. The Nova‚&Auml;&ocirc;s versatility with its flat sleeper seat, adjustable handlebar for comfort while pushing, 5-point harness system, 360 swivel front wheel, suspension rear wheels, comfortable multi-positional adjustable seat and adjustable canopy with airflow allows comfortability and ease to the stroller experience. In addition, if strolling was not the only thing on your to-do list, the Nova three-in-one stroller seat can be converted into a carrying cot, and easily opened and folded into a compact size for quick storage. The Nova embraces your complete lifestyle: going outdoors, traveling and shopping is made easy and always smooth with its light and compact frame. Evolur products are designed to last for years to come, so you are able to make beautiful memories exploring the world with quality, reliability durability and safety.|Specially designed aluminum alloy frame for compact close‚&Auml;&cent; Adjustable handlebar meets the needs of people of different height; you can adjust the most comfortable position to push.‚&Auml;&cent; Reversible stroller seat makes it easy for babies to face the parents or to face the world.‚&Auml;&cent; Convenient foot brakes for safety and flexibility‚&Auml;&cent; Removable padded arm bar gives your little one something to hold onto while strolling‚&Auml;&cent; Recline allows your child to lie comfortably for naps or sit upright to take in the sights, offering the flexibility your busy toddler needs.‚&Auml;&cent; Nylon (M√&copy;lange) fabric‚&Auml;&cent; FRONT &amp; REAR SUSPENSION- Independent shocks ensure your child has a smooth and comfortable ride whether traveling down winding paths or over bumpy pavement.‚&Auml;&cent; Easy slide canopy is height-adjustable to accommodate growing children.‚&Auml;&cent; The multi-position seat can be upright, semi-reclined, and then more flat. Therefore, it is suitable for babies from 0 to 3 years old.‚&Auml;&cent; Easy to fold for easy storage. Once collapsed it is self-standing. Parents push it to go out for shopping, traveling, taking a walk, playing and for a picnic outdoors.‚&Auml;&cent; Imported"
ECR4Kids 48'' Square Activity Table,"Features: -Table. -Specify leg type. -Greenguard certified. -Easy to clean laminate on both sides. -Specify edge banding and leg color. Shape: -Square. Surface Material: -Laminate. Adjustable Height: -Yes. Dimensions: -Height standard leg size: 19&quot;-30&quot;. -Height toddler leg size: 15&quot;-23&quot;. -Height chunky leg size: 15&quot;-24&quot;. Minimum Overall Height - Floor to Tabletop: -15&quot;. Maximum Overall Height - Floor to Tabletop: -30&quot;. Overall Length - End to End: -48&quot;. Overall Width - Front to Back: -48&quot;. Overall Product Weight: -76 lbs. Classroom Education Furniture Tables ball Blue Chunky glides Gray Green height leg nylon Oak Red Standard swivel Teak Toddler HighPressure InfantToddler Laminate Rack Storage Table holidays, christmas gift gifts for girls boys|NY1751 Features Table Specify leg type Greenguard certified Easy to clean laminate on both sides Specify edge banding and leg color Shape: Square Surface Material: Laminate Adjustable Height: Yes Dimensions Height standard leg size: 19&quot;-30&quot; Height toddler leg size: 15&quot;-23&quot; Height chunky leg size: 15&quot;-24&quot; Minimum Overall Height - Floor to Tabletop: 15&quot; Maximum Overall Height - Floor to Tabletop: 30&quot; Overall Length - End to End: 48&quot; Overall Width - Front to Back: 48&quot; Overall Product Weight: 76 lbs "
University of Michigan Nylon Adjustable Dog Collar,|Your pet will love the University of Michigan Nylon Adjustable Dog Collar! This GO BLUE collar is made of 100% nylon web with MICH graphics and word mark on woven ribbon. The University of Michigan Nylon Adjustable Dog Collar is the perfect MICH accessory for your pet!
Panda Superstore PS-SPO7702515011-SUSAN00280 Creative Multifunction Wash Bag Portable Travel Pouch Cosmetic Bag&#44; Dark Blue,"|It's made from nylon. Reasonable structure, sub-grid storage. It is waterproof, Wearable, practical. Has large capacity, can hold a lot of things. Easy to clean waterproof lining and pockets. Fits all the bathroom and shower essentials. Stablity:solid shape,stand steady,and hanging. Waterproof:outer and inner. Features Reasonable structure, sub-grid storage Creative Multifunction Wash Bag Portable Travel Pouch Cosmetic Bag Has large capacity, can hold a lot of things Specifications Color: Dark Blue Size: 11.8 x 3.3 x 7.3&quot; - SKU: PND992"
"Arrow Hart 5132 Standard Wall Plate, 1 Gang, 4-1/2 in L x 2-3/4 in W x 0.06 in T, Red 15 Pack","Molded from non-flammable nylon. Flush fitting, warp resistant design. Screw-catch feature holds mounting screws captive and simplifies installation. Matching screws provided. High gloss finish is soil resistant. Standard size - 2.75&quot; x 4.50&quot;.|Features Molded from non-flammable nylon Flush fitting, warp resistant design Screw-catch feature holds mounting screws captive and simplifies installation Matching screws provided High gloss finish is soil resistant Standard size - 2.75 x 4.50 in. 1-gang duplex receptacle Color - Red - SKU: ORGL82287"
"2 Pack Fabric Eyeglass Case, Slip In Eyeglass Case Soft Fits Medium Glasses, Women","Protect your expensive eyewear in style with this 2 pack of classic slip in eyeglass cases from Ron's Optical. Simply slip your reading glasses or any other small to medium sized eyewear into the case, and you're done. No zipping, no snapping, just slip in and go! This handy 2 pack is a perfect matching solution for both your glasses and sunglasses! Each case is lined with a plush padded styrene to protect your lenses from scratches and scuffs. Choose your favorite looks and colors from our extensive variety of patterns, or buy multiple styles and colors to match any outfit or mood! These simple yet highly functional cases are extremely slim, so they will fit easily into any purse, bag, or even a jacket pocket. Exterior dimensions measure: 6.5 inches long and 3 inches wide (Metric: 16.51 cm long and 7.62 cm wide). Each quality eyeglass case is hand packed with care in Dallas, Texas.| PERFECT FOR SMALL TO MEDIUM FRAMES. 2 Pack of fabric slip in eyeglass case provides the protection of a hard case without the bulk. Receive one blue and black and one plum purple and navy plaid design case DURABLE SOFT CASE for glasses stands the test of time. Protective eyeglass case without the hassle and weight of a zipper or snap. Just slip in your glasses and go! STYLIST DESIGN. Fabric eyeglass case fun plaid design makes case easy to locate in purses or laptop bags. Eyeglass case soft padded nylon fabric interior keeps sunglasses and reading glasses scratch and dust free GREAT FOR TRAVEL, GYM, OFFICE OR CAR. Soft slip in eyeglass pouch two pair allows you to have one handy at all times to store and carry small to medium frame glasses, sunglasses or reading glasses 100% SATISFACTION GUARANTEE. Eyeglass case lightweight, soft, and durable. Exterior dimensions: 6.5” (L) x 3” (W) x 0.25” (H). Each soft spectacle case weighs 0.60oz (16g) "
"L'Oreal Paris Infallible Pro-Matte Foundation, Classic Tan [109] 1 oz (Pack of 6)","|Pack of 6 for the UPC: 071249293089Demi-Matte Foundation Promotes Long-Lasting, Buildable Coverage Air-Light, Barely There Feel Promotes Flawless, Demi-Matte Finish Achieve a matte finish that won't fall flat with this air-light, long-wearing liquid formula.&nbsp; Lightweight and creamy, foundation goes on smooth and lasts up to 24 hours, hiding imperfections for a smooth, clear complexion. Ingredients:&nbsp; Aqua (Water), Dimethicone, Isododecane, Nylon-12, Acrylates, Polytrimethylsiloxymethacrylate Copolymer, Silica, Butylene Glycol, PEG-10 Dimethicone, Isohexadecane, Isononyl Isononanoate, Pentylene Glycol, Synthetic Fluorphlogopite, PPG 14, Bis PEG, 14 Dimethicone, Magnesium Sulfate, Phenoxyethanol, Caprylyl Glycol, Acrylates Copolymer, Disodium Stearoyl Glutamate, Disteardimonium Hectorite, Calcium Gluconate, Perlite, Magnesium Gluconate, Tocopherol, Aluminum Hydroxide, May Contain: CI 77891 (Titanium Dioxide), CI 77491, CI 77492, CI 77499 (Iron Oxides)"
"Red Gift Wrap Bag by K-Kraft (Festive Red Stripes, 13 x 17.5 inches)","Giant Gift Wrap Bags See our giant gift bag and gift tag. We have everything you need to add that special touch to your gifts. Our large gift wrap bags are a perfect solution for one big present or a collection of smaller items quick and easy. It can hold clothing, books, stuffed animals, puzzles, or action figures. Celebrate the birthday party or event with a festive bag made for the occasion.| FESTIVE - Our Gift Bags are made with high quality materials. Also, It has a red shiny stripe design overlayered. VERSATILE SIZE - This large gift bag measures 13 inches wide x 17.5 inches tall. Perfect for holding large stuff. STRONG &amp; OPAQUE - An outside layer of nylon, give the bags their festive, shiny-striped look. Nonwoven polyester inside layer provides strength and makes it so you can't see what's inside! ECO FRIENDLY - You'll want to reuse it again and again CONVENIENT - Makes wrapping large, unwieldy gifts a snap! Comes with cinch closure red ribbon and gift tag already threaded. It is perfect for any friend, relative, or coworker for a celebration. "
"Petflect Green Purple Vertically Striped Dog Collar - Reflective - Nylon - Super Strength - X-Large, Neck 26""-32""","Petflect's vertical striped nylon dog collar is made from 1&quot; black nylon webbing with a tensile strength of 2,200 lbs. Fashion and Function! Get the best of both worlds with a 5/8&quot; ribbon featuring a stripe pattern overlaid on a 1/2&quot; silver reflective strip that can be seen from 680 feet away. The hardware was chosen for elite performance and durability. Adjust the collar's length once and you are done as a durable plastic tension lock holds the collar in place. The plastic side release buckle is both secure and convenient. Secure because it is engineered with 2 security tabs to guarantee no collar opens unintentionally. Convenient because the buckle's design allows owners to release the collar with one hand. A steel, heavy welded D-ring is sewn into the collar for leash connection. 3M reflective dog collar is sized to fit dogs up to 150 lbs. Small: 11&quot;-14&quot;, Medium: 14&quot;-20&quot;, Large: 20&quot;-26&quot;, X-Large: 26&quot;-32&quot;.|Petflect Green Purple Vertically Striped Dog Collar - Reflective - Nylon - Super Strength - X-Large, Neck 26&quot;-32&quot;"
Deago LED Dog Collar Safety USB Rechargeable Flashing Light Pet Leash Adjustable For Party Festival Glowing Reflective (L/Green),"Specifications:1.Material: Soft Nylon Webbing2.Capacity: 200mAH3.Lasting Time: about 5H4.Size:S / M / L / XL S:Width:1&quot;(2.5CM); Length:13.7&quot;-16.9&quot;(35CM-43CM) M:Width:1&quot;(2.5CM); Length:15.7&quot;-18.9&quot;(40CM---48CM) L:Width:1&quot;(2.5CM); Length:17.7&quot;-20.4&quot;(45CM---52CM) XL:Width:1&quot;(2.5CM); Length:20.4&quot;-23.6&quot;(52CM---60CM) Features:1.LED safety dog collar,illuminated LED dog collar is so bright and easily seen2.Its made of nylon webbing with light guide which improves your dog and pets visibility and safety while it's out alone at night3.3 glow modes:The reflective dog collar can be set to quick flash, slow flash or steady glow by pushing the button4.Fashion decoration,which let your dog more attractive5.Lightweight ,comfortable to wear and easy to remove6.The LED dog collar suitable for small breed, medium breed, and large breed7.Its adjustable.Each size of the LED dog collar can be adjusted with a buckle8.The Glowing dog collar can be recharged by Micro USB cable with daily use devices Easy to use: Simply pushing the control button makes the light Slow Flashing/ Fast Flashing/ Stable on Package include:1x dog collar1x usb cable| Super Bright with 3 Mode for flashing Water droplet Resist Suitable for small breed, medium breed, and large breed Rechargable by Micro USB cable"
Travel Cosmetic Toiletry Bag Case Portable Storage Pouch Hanging Bag,"Item Type: Storage Bag.Closure Type: Zipper.Gender: Women,Men.Use: Outdoor.Hardness: Soft.Style: Korean Style.Main Material: Nylon.Occasion: Versatile.Style: Fashion.Type: Storage.Size: 24*18.5*9.5CM.Please allow 1-2cm differs due to manual measurement, Thanks for your understandings. Package included: 1 PC*Storage Bag| Main Material: Nylon Size: 9.44*7.28*3.74 inch Occasion: Versatile. "
Venosan VenoSoft 20-30 mmHg Below Knee Stocking Closed Toe,"Experience the soft, supple feel of microfiber in VenoSoft stockings. VenoSoft's unique construction keeps you feeling cool, dry and comfortable. And you'll love the feel of the reciprocated heel and roomy toe box. With an opaque appearance and durable imported fabric that stretches for a better fit, VenoSoft comes in Knee Length, Thigh Length and Pantyhose styles. -; Dry feet and constant body temperature regardless of the surroundings -; Easy to care for and dries quickly -; Skin friendly, soft, pleasant and light -; Excellent quality and durability -; Easy to put on and take off -; Provides an excellent fit and does not ride down -; Proven Graduated compression Therapy for a variety of venous problems Fiber Content: 71% Nylon, 29% Spandex|VEO1027 Features Stocking Best fitting Worn by men and women for it's high quality, durability, and comfort Designed for relief from tired legs or mild varicose veins and swelling Offers superior quality and comfort 20-30 mmHg Graduated compression Compression: Firm Support (20-30 Mmhg) Gender: Female Style: Knee Hi Material: Microfiber Toe Type: Closed Toe Dimensions Overall dimensions: 8.5'' H x 5'' W x 0.75'' D Overall Height - Top to Bottom: 8.5'' Overall Width - Side to Side: 5'' Overall Depth - Front to Back: 0.75''"
Light-Up Dog Collar - Rechargeable Battery Powered LEDs,"Stay extra-visible during your next walk with your pooch. This intensely bright LED collar and leash recharges using a USB cord (included) so you're both sure to be spotted along busy roadways or park trails. Nylon and plastic. Imported. Collar sizes XS(9-12&quot;), S(12-15&quot;), M(15-18&quot;) or L(17-28&quot;). Specify Blue or Green.| SEE YOUR DOG AT NIGHT: Glow-in-the-dark collar lets you find your pooch at night, and keeps him or her safer along roadways. BRIGHT AND VISIBLE: Collar is illuminated by LED lights, giving a bright glow that can't be missed. RECHARAGEABLE: Get a lifetime of use from it. Recharges from an included USB cord. DURABLE LEASH: Made of nylon and plastic, it's reliable even against the most active pup. "
"ERGODYNE 1505 Back Support, S, 25 to 30in, 6-1/4inW, Black","Back Support, Back Support Size S, Fits Waist Size 25 In. to 30 In., Width 6-1/4 In., Material Nylon Jersey, Suspenders None, Closure Type Hook-and-Loop, Color Black Features Color: Black Item: Back Support Material: Nylon Jersey Width: 6-1/4&quot; Suspenders: None Closure Type: hook-and-loop Fits Waist Size: 25&quot; to 30&quot; Back Support Size: S | Item Type: Back Support Brand: PROFLEX BY ERGODYNE Manufacturer Part Number: 1505 "
"4 Pack - Smashbox Full Exposure Waterproof Mascara, Jet Black 0.27 oz","Pack of 4 for the UPC: 607710036376Sometimes emotions run high in our L.A. photo studio. We developed this long-wearing, waterproof mascara to handle teary moments, rainy days-even a dip in the pool. It's a high-impact, high-gloss, fiber-rich product that looks flawless and stays put for 10 hours. It also delivers length, volume and thickness without clumping, smudging or flaking out. Swipe on instant drama and face up. Specialty brush lengthens, curls and volumizes. No clumps, no flakes; sweat and humidity resistant. It's a high-impact, high-gloss, fiber-rich product that looks flawless and stays put for 10 hours. Ingredients:&nbsp; Isododecane, Water\Aqua\Eau, Ptfe, Dimethicone Silylate, Sorbitan Olivate, Kaolin, Trisiloxane, Sorbitan Tristearate, Polyisobutene, Silica Silylate, Pantethine, Panthenol, Rosmarinus Officinalis (Rosemary) Leaf Extract, Trihydroxystearin, Diisopropyl Adipate, Cholesterol, Methicone, Copernicia Cerifera (Carnauba) Wax\Cera Carnauba\Cire De Carnauba, Microcrystalline Wax\Cera Microcristallina\Cire Microcristalline, Nylon-6, Silica, Nylon-66, Trimethylsiloxysilicate, Polyethylene Terephthalate, Propylene Carbonate, Quaternium-90 Bentonite, Hectorite, Caprylyl Glycol, Hexylene Glycol, Phenoxyethanol, Magnesium Salicylate, [+/- Mica, Titanium Dioxide (Ci 77891), Iron Oxides (Ci 77491, Ci 77492, Ci 77499), Bismuth Oxychloride (Ci 77163), Black 2 (Ci 77266), Blue 1 (Ci 42090), Blue 1 Lake (Ci 42090), Carmine (Ci 75470), Chromium Hydroxide Green (Ci 77289), Chromium Oxide Greens (Ci 77288), Ferric Ammonium Ferrocyanide (Ci 77510), Ferric Ferrocyanide (Ci 77510), Manganese Violet (Ci 77742), Ultramarines (Ci 77007), Yellow 5 (Ci 19140), Yellow 5 Lake (Ci 19140)].|4 Pack - Smashbox Full Exposure Waterproof Mascara, Jet Black 0.27 oz"
Country Brook Design Premium Sophie's First Love Dog Collar,"Your dog will love wearing this handmade dog collar from Country Brook Design. Crafted with sumptuous grosgrain ribbon atop heavy duty nylon webbing, this collar is soft and durable. The stitching is carefully monitored for quality and Country Brook Design uses only B69 heavyweight bonded nylon thread for strength. Box stitching is used instead of triple stitching for an even stronger bond that will hold up to years of abuse. The grosgrain ribbon is made of soft polyester and the pattern is heat sublimated into the fabric for durability. The aluminum side release buckle are high tenacity buckles. All of this adds up to a quality collar that you can trust to last longer. There are no standard sizes for dog collars. Please be sure to measure your dog's neck for correct size. Measure around your dog's neck (with string or tape measure) snugly where you want the collar to lay. If you have any questions or problems with sizes please give us a call before ordering. The design on your collar may vary in different places because they are lovingly handmade and are all a little different. However, each is quality inspected for durability. Country Brook makes all their collars after the order has been placed. However, rest assured as your collar will ship within four business days of receiving payment.| Collar fits 11in - 13in neck. There are no standard sizes for dog collars. Please be sure to measure your dog's neck for correct size. Measure around your dog's neck (with string or tape measure) snugly where you want the collar to lay. If you have any questions or problems with sizes please give us a call before ordering. 256-974-0700 Breed Recommendation: Boston Terrier, Dachshund, or Pug Made in U.S.A. with top quality hardware Features an aluminum side release buckle with a mirror finish "
Country Brook Design Premium Schnauzer Ribbon Dog Collar,"Your dog will love wearing this handmade dog collar from Country Brook Design. Crafted with sumptuous grosgrain ribbon atop heavy duty nylon webbing, this collar is soft and durable. The stitching is carefully monitored for quality and Country Brook Design uses only B69 heavyweight bonded nylon thread for strength. Box stitching is used instead of triple stitching for an even stronger bond that will hold up to years of abuse. The grosgrain ribbon is made of soft polyester and the pattern is heat sublimated into the fabric for durability. The aluminum side release buckle are high tenacity buckles. All of this adds up to a quality collar that you can trust to last longer. There are no standard sizes for dog collars. Please be sure to measure your dog's neck for correct size. Measure around your dog's neck (with string or tape measure) snugly where you want the collar to lay. If you have any questions or problems with sizes please give us a call before ordering. The design on your collar may vary in different places because they are lovingly handmade and are all a little different. However, each is quality inspected for durability. Country Brook makes all their collars after the order has been placed. However, rest assured as your collar will ship within four business days of receiving payment.| Collar fits 18in - 26in neck. There are no standard sizes for dog collars. Please be sure to measure your dog's neck for correct size. Measure around your dog's neck (with string or tape measure) snugly where you want the collar to lay. If you have any questions or problems with sizes please give us a call before ordering. 256-974-0700 Breed Recommendation: German Shepherd, Golden Retriever, or Great Dane Made in U.S.A. with top quality hardware Features an aluminum side release buckle with a mirror finish "
"Adjustable Patella Stabilizer Knee Strap Brace Support for Hiking, Soccer, Basketball, Running","Why Us ★ Quicky delivery ★ Premium products ★ We see that quality products are shipped ★ Refund Available ★ Satisfaction Assured Features: SUPPORT WITHOUT RESTRICTION - Ergonomically designed to provide maximum support in the right areas without restricting movement. . The result is support for your knees and relief from tension allowing you to exercise in comfort. IDEAL FOR MANY EXERCISES - Whether high impact sports, gentle jogging or for use during the day, this knee strap will provide relief and support. Wearing a knee brace during sports or exercise can help protect the area, preventing injury or helping to reduce the effects of previous conditions. SUPERIOR QUALITY - This knee strap is made from only the best quality nylon and neoprene making it highly durable and reliable, even during the most intensive exercise. EXCELLENT COMFORT - The combination of high-quality neoprene padding and fully adjustable Velcro straps gives this knee strap the perfect comfort for your knee.? The knee strap is slimline and discreet, fitting neatly underneath jeans and trousers without an unattractive bulge around the knee. Description: It is essential to take care of your joints while you are young to prevent painful ailments related to joints as you get older. As you go about your day-to-day activities, your knees take brunt of almost all impact, and can often become injured as a result. Wearing a knee brace during sports or exercise can help protect the area, preventing injury or helping to reduce the effects of previous conditions.|Adjustable Patella Stabilizer Knee Strap Brace Support for Hiking, Soccer, Basketball, Running"
"MEDca Universal Hot and Cold Therapy Reusable Microwavable Gel Pack |Soft & Comfortable Heating or Cooling Therapy for Sprains, EXTRA DURABLE NYLON QUALITY In 5 x 10"," Why is MEDca sprain therapy gel pack an optimal choice? Multi-purpose Gel Pack MEDca brings you the universal sprain therapy gel pack that can be used as both hot and cold therapy. It's a perfect solution for relieving sprain, muscle cramps, neck pain, arthritis pain and more. Precise and Compact Our hot and cold gel pack is precisely designed. The gel has ability to absorb heat and cold without any changes in its state, which makes it extremely flexible. Our gel pack is compact, perfectly built for comfortable grip and convenience. Due to small size and light weight, it's also travel-friendly. Quick Reliever The best aspect of our gel therapy pack is that it's applicable in two ways. When used as a cold therapy, the pack provides quick relief to acute tissue injuries, and other conditions to reduce swelling, bruising and pain. It provides soothing and long-lasting relief when used as a hot therapy. It's also good for relieving arthritis pain and promotes blood flow. Reusable and Long-lasting Our gel pack has been constructed uniquely so that It can be used infinite times. The gel pack is flexible and genuine. It can be cooled in the freezer for as long as one hour and micro-waved for 50 seconds. MEDca gel pack is the ultimate hot and cold therapy. Key Features • Nylon-Gel Pack • Hot and cold therapy • Refrigerator safe and microwavable • Reusable • Durable Best Value We are offering this universal MEDca sprain therapy gel pack at a discounted rate for limited period. Get yours before the rate hikes! Take full advantage of this amazing offer today by just clicking the Add to Cart button above. |MEDca universal Hot &amp; Cold Reusable Microwavable Gel Pack, 5 x 10, Soft &amp; Comfortable Heating or Cooling Therapy for Sprains, EXTRA DURABLE NYLON QUALITY"
Coastal Pet Single Nylon Collar - Blue 14 Long x 5/8 Wide - Pack of 2,"This collar consists of 3/8&quot; nylon and is best suited for cats, puppies, and other small pets.Coastal's high quality nylon is specially processed to prevent fraying and increase the strength.All nylon products are carefully and neatly finished for comfort, appeal and durability.This is an offering for multi quantity bundle - 2 count|Coastal Pet Single Nylon Collar - Blue 14 Long x 5/8 Wide - Pack of 2"
Devilbiss DEV-803667 3xl Devilbiss Clean Lab Coat,"| Maintain a professional appearance Full-zipper front Washable/reusable Lightweight, durable nylon Elastic wrist closures Full pullover hood 3-pocket design "
"ZipperStop Wholesale Authorized Distributor YKK #4.5 Handbag Zipper 36"" inch with Extra-long Pull Slider ~ Closed Bottom ~ White (12 Zippers)",|YKK #4.5 Handbag Zipper 36&quot; inch with Extra-long Pull Slider ~ Closed Bottom ~ White (12 Zippers) The finest nylon coil zipper made with an extra long pull. Great for pocketbooks!
PJ Masks 3D Catboy Maskull Child Multisport Helmet Blue,"Go for a ride with Catboy from the hit children's TV series, PJ Masks! This unique helmet includes a removable face mask for maximum fun. The multisport design makes this helmet perfect for the bike trails or the skate park. Fully safety certified, this great looking helmet is CPSC 1203 Bike and ASTM F1492 Skate compliant, and features a side-squeeze buckle for easy adjustment. The mask and bold graphics help bring Catboy to life! Recommended for ages 5-8. Fits head sizes 19.7-21.2&quot; (50-54 cm).| For ages 5-8&nbsp; Fits head sizes 19.7-21.2&quot; (50-54cm)&nbsp; CPSC and ASTM safety certified&nbsp; Unique 3D design&nbsp; Multisport design for biking or skating&nbsp; Adjustable nylon straps with side squeeze buckle&nbsp; Removable mask&nbsp; Cooling vents "
CW-X Women's Insulator Endurance Pro Tights," FEATURES of the CW-X Women's Insulator Endurance Pro Tights Key pocket and waistband: Double-reinforced with flat drawcord 2-Way stretch Exo-Web: 80% Nylon/20% LYCRA Multidirectional stretch fabric exoskeleton supports specific muscles and joints of the legs Warmstretch body fabric: Temperature regulating fabric keeps the body comfortable in all climate conditions, wicking fibers pull moisture away from the skin and carry it to the outside of the tight, Excellent performance as outerwear or baselayer Wind-proof, Water-repellent front panel: Extra protection from the elements in the quad area during forward motion activities like running, Nordic skiing, orsnowshoeing CW-X Patebted Exo-web: Provides lower back support: The Support Web Mextends from the sides of the hip, stabilizing the pelvis Supports the gluteus maxlmus: The Support Web helps to reduce fatigue and increase power Provides a suspension system for the hamstring Acts as a suspension system for the quads, specifically the sartorlus muscle | Insulated Sun Protective Water-resistant Windproof "
"Unique Bargains 3 x Straight Through Quick Union Pneumatic Fitting 4mm x 1/8"" PT Male Thread"," Designed for Polyurethane or Nylon tubing. Even after installation, the direction of the tube can be changed freely. Elliptical release ring help to connect tube easily by manual, no special tools required. Outside (and Inside where applicable) hexagonal wrench tightening. This Quick fittings are only used for industrial automatic apparatus and can not be applied on any medicinal equipment. For CALIFORNIA residents only: WARNING: This product contains chemicals including DEHP, which is known to the State of California to cause cancer and birth defects or other reproductive harm.Please note that by posting this Proposition 65 warning, we are notifying you that one or more of the Proposition 65 listed chemicals may be present in a product. With Unique Bargains' products, the exposure to these chemicals may be of no significant risk to you, but out of caution, we have elected to place this warning on our site to make sure our customers are informed. You can find more infomation at http://www.oehha.ca.gov/proposition-65/about-proposition-65.| Material : Metal, Plastic;Color : Silver Tone, Black Thread Size : 1/8&quot; PT;Inner Diameter(Black End) : 4mm Total Size(Each) : 11 x 18mm/ 0.4&quot; x 0.7&quot; (Max.Dia*H);Net Weight : 17g Package Content : 3 x Quick Fitting "
ID 0057A Single Red Die Patch Casino Dice Embroidered Iron On Applique,"ID 0057A Single Red Die Patch Casino Dice Embroidered Iron On Applique. New embroidered iron on patch. Size is approximately 1&quot; wide and 1&quot; tall.| New embroidered iron on patch. Size is approximately 1&quot; wide and 1&quot; tall. Missouri sales tax applies to all Missouri Customers. Patches with iron-on adhesive backing may also be sewn-on or adhered via appropriate fabric adhesive (Not Included). Iron-on instructions are included with every order. Ironing is not recommended for materials that may be damaged by high heat such as leather, rayon, spandex, nylon or other delicate fabrics. "
"Egret Baits VuDu Shrimp 3.25"" , Cajun Pepper","Boost your chances of bringing prized catch home with this 3.25&quot; Egret Baits VuDu Shrimp. This product is a practical addition to your fishing supplies. It is made with a nylon weave through the body and tail section. It has been observed to catch as many as 50 trout with just one artificial shrimp bait. This model has a unique tail that lends it its natural swimming action. The Cajun Pepper Egret VuDu Shrimp comes pre-rigged and ready to use straight out of the pack. For best results, use it with a popping cork.|Egret Baits VuDu Shrimp, 3.25&quot;, Cajun Pepper: Egret Baits VuDu Shrimp 3.25&quot; Cajun Pepper artificial shrimp bait Includes 2 per pack Unique tail features a natural swimming action Pre-rigged and ready to use straight out of the pack Has a nylon weave through the tail and body sections One VuDu shrimp has been observed to catch up to 50 trout Use with a popping cork for best results "
ID 6946 Flowers On Vine Patch Garden Nature Strip Embroidered Iron On Applique,"ID 6946 Flowers On Vine Patch Garden Nature Strip Embroidered Iron On Applique. New embroidered iron on patch. Size is approximately 4 1/2&quot; wide and 1 1/4&quot; tall.| New embroidered iron on patch. Size is approximately 4 1/2&quot; wide and 1 1/4&quot; tall. Missouri sales tax applies to all Missouri Customers. Patches with iron-on adhesive backing may also be sewn-on or adhered via appropriate fabric adhesive (Not Included). Iron-on instructions are included with every order. Ironing is not recommended for materials that may be damaged by high heat such as leather, rayon, spandex, nylon or other delicate fabrics. "
Call Of Duty: Black Ops III Video Game Commander Logo Web Belt,"Buckle-Down revolutionized the old army belt with its clamped style Web Belt. Brilliant graphics on the nylon strap combined with an interchangeable buckle make these web belts a best seller. The buckle dimensions for the 1.0&quot; is approximately 1.0&quot;L x 1.75&quot;W and will fit up to a size 28&quot;W. The buckle dimensions for the 1.25&quot; is approximately 1.25&quot;L x 2.25&quot;W and will fit up to a size 46&quot;W. The buckle dimensions for the 1.5&quot; is approximately 1.5&quot;L x 2.75&quot;W and will fit up to a size 46&quot;W. Buckles come completely assembled on the strap. The brand is officially licensed and made in the USA.| Officially Licensed 4 Sizes Available: 1&quot; Wide Up To 28&quot; Waist, 1.25&quot; Wide Up To 46&quot; Waist, 1.5&quot; Wide Up To 46&quot; Waist, XL Up To 58&quot; Show Off Your Love For Your Favorite Brand "
Eddie Bauer Women's Passenger Ponte 5-Pocket Pants,"Combining the comfort of two-way stretch, moisture-wicking technology, and the easy-care convenience of ponte knit, these cotton/modal/nylon/spandex pants are great travelers and everyday regulars.| Turn garment inside out. Machine wash cold, delicate, separately. 42% cotton/28% modal/26% nylon/4% spandex Classic five-pocket styling FreeDry moisture wicking Average inseam: Reg 32&quot; Slim straight leg Imported Zip fly "
Sleazy Lycra Shoulder Guard Large Royal Blue,Sleazy Sleepwear Lycra Shoulder Guard Help protect your horse's shoulders against blanket rub. Neck opening enhanced with fleece. Features: Fleece around neck band Adjustable velcro neck opening 4-way stretch Item Specifications: Size: Medium- 800-1100 lbs Large- 1100-1400 lbs Material: Polyester/Nylon Spandex Blend| Fleece around neck band Adjustable velcro neck opening 4-way stretch 
"Nanoblocktime Nano Camo Squared Watch, Pink Camo","Get creative with the Nanoblocktime Nano Squared watch! On the Nano Squared, you can use Nanoblocks to decorate the square bezel around the watch face, as well as the Nanoblock-themed strap, of the timepiece. The watch comes with 50 Nanoblock pieces, and the Nanoblock-themed strap can be interchanged with a nylon strap, so you can personalize your watch the way you want. Your unique designs with the colorful Nanoblocks are bound to catch people’s eyes and let you express your style. Enjoy! Fantastic for youth and adults alike. Learn more at www.nanoblocktimeUS.com. Please note: Colors of Nanoblock pieces included may vary from photos.|NANOBLOCKTIME NANO CAMO SQUARED WATCH Build your own watch designs with Nanoblocks! Fantastic for youth and adults alike. 50 Nanoblocks are included, giving you countless ways to express your creativity! The watch comes with a plastic Nanoblock-themed strap and a nylon strap. These straps can be interchanged and are adjustable for a comfortable fit. The Nanoblocktime watch uses high quality Japanese-made quartz movement to keep time. One year limited manufacturer’s warranty. WHAT'S INCLUDED Nanoblocktime Nano Camo Squared watch Nanoblocks x 50 Plastic Nanoblock-themed strap with 4 additional band links Nylon strap with strap adaptors SPECIFICATIONS Case size: 1.6 inches x 1.6 inches Dial opening: 0.87 inches x 0.87 inches Weight: 1.5 ounces Movement: Japanese-made quartz Materials: ABS plastic and stainless steel Interchangeable straps: Plastic and nylon This product is not suitable for children under 6 years old."
Kangol Baron Trilby,"The Baron is a dapper wide and flat brimmed trilby. Its seamless knitted and blocked construction is purely a Kangol innovation. The tropic yarn means that the hat is both lightweight and comfortable. 50% Modacrylic, 50% Polyester Headband: 100% Nylon.|Baron Trilby"
"Danielson Salmon Knotless Net with 42"" Handle, 27"" x 30""","Danielson helps you bring in your catch! Whether you're fishing, crabbing or having a bit of catch-and-release fun, you can trust the fine products from Danielson. This product is made of long-lasting and durable materials.| Danielson Salmon Knotless Net with 42&quot; Handle, 27&quot; x 30&quot;: This Danielson Knotless Salmon Net features soft, supple, knotless nylon netting to minimize damage to fish during landing Engineered with a retractable handle for transport and storage The handle is constructed with a channeled aluminum yoke for added strength The 1-1/4&quot; diameter anodized aluminum octagon handle is fitted to 5/8&quot; diameter teardrop-shaped anodized bow that features a double wall construction at the yoke for even greater strength Comfortable black vinyl handgrip Hoop size is 27&quot; x 32&quot; with a 48&quot; net depth and a 42&quot; retractable handle "
T-Shirt Bra," Soft, lightweight design offering contour and support Adjustable straps Lightly padded cups Underwire Back hook closure Nylon/spandex Hand wash Imported Model shown is 5'10&quot; &quot;177cm) wearing US size 34B Find Your Fit|T-Shirt Bra"
"Zimtown Adjustable Artist Triopd Painting Drawing Easel Display Stand Whiteboard Holder Floor Sketching Exhibition, Wedding Studio, Collapsible New","Introductions: Welcome to our site! As one of the major suppliers, we will guarantee your satisfactory in the aspects of the price, quality, after service and delivery. This hot kind of New Artist Zinc Alloy Folding Easel is suitable for table top drawing, sketching or painting, especially it is great for artists and students who enjoy drawing and painting outdoors and in the studio. No other chance to have the item for the price. You should do something now.&nbsp; Features: 1. New and high quality&nbsp; 2. It is suitable for table top drawing, sketching or painting&nbsp; 3.It is also great standing on the floor for displays, sketching or painting on larger canvases&nbsp; 4. It comes with a nylon carrying bag with a shoulder strap&nbsp; 5.Great for Artists and students who enjoy drawing and painting outdoors and in the studio&nbsp; 6.It is special designed for easy traveling.&nbsp; 7. Light weight,it is easy to use and carry&nbsp; Specifications: 1. Condition:New&nbsp; 2. Color:Black&nbsp; 3. Height:approach 20.07inch/51cm&nbsp; 4. Weight:26.63oz/755g&nbsp; 5. Material:Iron&nbsp; Package Includes: 1 x New Artist Iron Folding Easel Light Weight And Carry Bag Black&nbsp; 1 x Nylon Bag&nbsp;|Zimtown Adjustable Artist Triopd Painting Drawing Easel Display Stand Whiteboard Holder Floor Sketching Exhibition, Wedding Studio, Collapsible New"
15 Moulding Screw Grommets With Sealer For Nissan 76848-35F00,"Moulding Screw Grommet With Sealer White Nylon Head Diameter: 18mm Stem Diameter: 8.5mm Stem Length: 14mm Replaces Nissan 76848-35F00: Infiniti G35, G37, I30, I35, M35h, Q40, Q50, Q70, QX56 &amp; QX80 and Nissan 350Z, Altima, Cube, Pathfinder &amp; Sentra 2003 - 15 Per Package|15 Moulding Screw Grommets With Sealer For Nissan 76848-35F00"
Qraftsy Women Floral Embroidery And Mesh Band Longline With Extra Plunge Bra - 6 Pack,"Treat yourself with the comfort and allure this set will give you. An essential bralette for all women! t's everything you need to feel and look your best. With floral embroidery overlay and mesh band with quad hook back closure. This longline bra with extra plunge it is cute and classy design that's great for every day. It's perfect for countless situations and outfits. We believe that quality and comfort are crucial when designing both underwear and outerwear. Which is why our bras are made to withstand the standards of everyday wear with quality finish and material that does not fade or lose shape within time. Bras come in a value pack of 6 assorted beautiful colors (Black, Blue, Coral, Green, Red, Rose) that will get you through any occasion, date or purpose with amazing support and flattering details that are sexy and subtle.Premium Quality: Made of nylon and a touch of spandex for the best fit and quality. Effortless everyday style meets sexy with flattering details that make the perfect bralette!Comy Coverage &amp; Smooth Fabric: This longline bra with extra plunge features a floral embroidery overlay with mesh band and quad hook back closure. With a variety of sizes to pick from and adjustable straps, our bras are designed to provide you a comfortable bra that will fit in your natural curves and size creating the perfect fit.Made to Last: They are made with extreme care, premium finish, attention to the details and quality stitching. We believe that quality and comfort are crucial when designing both underwear and outerwear. Which is why our bras are made to withstand the rigors of everyday wear with quality finish and material that does not fade or lose shape.Cool Variety &amp; Trendy Colors: Get the best variety of colors with this value pack mix containing six different colors! Our bras come in a variety of color options that are delicate and classy. They are easy to match and can also be used as a top with more revealing shirts, sheer tops and dresses.6 Pack: With a wide variety of sizes to pick from, this set comes with 6 bras in gorgerous assorted colors (Black, Blue, Coral, Green, Red, Rose) of the selected size that is ready to be yours so you can go on with your day with allure and confidence.|Premium Quality: Made of nylon and a touch of spandex for the best fit and quality. Effortless everyday style meets sexy with flattering details that make the perfect bralette!"
MOTION PRO BLACK VINYL FRONT BRAKE CABLE,"BLACK VINYL FRONT BRAKE CABLE manufactured to exact measurements to meet or exceed oem specification tempered steel wire housing with an inner nylon sleeve for long life &amp; smooth operation cables are individually packed in a poly sleeve with color coded header cards this premium cable features longitudinal wound wire housing embedded in polyurethane with a nylon lining to eliminate spring or compression a stainless inner wire resists corrosion allowing longer, smoother operation |MOTION PRO BLACK VINYL FRONT BRAKE CABLE"
"Hanes Alive Sheer to Waist Pantyhose, Style 811","Hanes Alive Sheer to Waist Pantyhose. Slip on for fabulous fit &amp; flawless legs, Silky sheer knit clings to your curves for a flawless fit, Knit-in spandex helps tone legs, Sheer toes let you wear strappy sandels. . | Hanes Alive Sheer to Waist Pantyhose Silky Sheer Knit Clings To Your Curves For A Flawless Fit. Knit-In Spandex Helps Tone Legs. Sheer Toes Let You Wear Strappy Sandels. Fabric Content: Nylon/Spandex "
Bulk Buy: Sakura Markers (2-Pack) Koi Water Brush 9ml Tank Round Size 6 3912-2,Prices includes a total of 2-Packs of; Sakura Pens Koi Water Brush 9ml Tank Round Size 6 (UPC: 084511391222 ). Dimensions: 6 in. H x 2 in. W x .5 in. D. Weight: .02 ounces|SAKURA-Koi Water Brush. This self-moistening art brush puts a water reservoir at your fingertips. Fine flexible nylon fibers produce fine lines or bold strokes depending on the amount of pressure applied and the transparent barrel allows you to clearly see the water level. This package contains one water brush with a Round #6 Medium tip. Imported.
"Samsung Galaxy A7 (2017) Clip Holster, Horizontal Rugged Case Pouch for Samsung Galaxy A7 (2017), A720F , w/ Card Holder (Fits w/ Otterbox Symmetry/ Commuter / Lifeproof Case On)","Samsung Galaxy A7 (2017) Clip Holster, Horizontal Rugged Case Pouch for Samsung Galaxy A7 (2017), A720F , w/ Card Holder (Fits w/ Otterbox Symmetry/ Commuter / Lifeproof Case On)| MND Premium Heavy Duty Rugged Case Pouch Holster for Samsung Galaxy A7 (2017) with Otterbox Case, Lifeproof Case or other Thick Hybrid Armor Case On Size for Galaxy A7 (2017) with a thick hybrid dual layer case such as lifeproof case or otterbox commuter /defender case on.This pouch will be too big for a naked phone Metal clip ensures confident attachment to waistbands, belts, or straps. soft inner lining protects against scratches and damage. With belt loop. Side elastic band allows many phones to fit inside. Internal and secret pocket holds credit cards, ID, money and more for convenient access Made of premium suede and rugged nylon materials. Internal Size: "
Insten Pink Dog Peeking Pets Cover Case For iPhone SE / 5S / 5 (with 3.5mm Audio Extension Cable M/M)," Skin Case x 1 BasAcc 3.5mm 4 Feet Braided Stereo Audio Cable M/M, Silver x 1 |Compatible With Apple iPhone 5 / 5S / SE Package Includes Skin Case x 1 BasAcc 3.5mm 4 Feet Braided Stereo Audio Cable M/M, Silver x 1 Item Description Skin Case Keep your device safe and protected in style. Color: Pink Style: Dog 3D Material: Silicone Encases the corners and back of the device to provide secure fit and feel. Full access to all ports and function buttons. Accessory Only; device not included. BasAcc 3.5mm 4 Feet Braided Stereo Audio Cable M/M, Silver Connect a portable MP3 player, smartphone or any stereo audio device with 3.5mm jacks to multimedia speakers with this AUX cable Color: Silver Length: 4FT / 1.2M Connectors: 3.5mm Male to 3.5mm Male Feature: Plug and play; Ready to use from the box Made with Pure Copper wire, delivering amazing crisp sound clarity Includes a black Velcro to help organize and keep your cable neat Extreme Protection: Slim metal casing; made to fit all cases Gold Plated Connectors; Maximize signal transfer rate and resistance in corrosion Nylon braided jacket: 4000+ bend lifespan &amp; Tangle-free featured California Proposition 65 warning: This product contains chemicals known to the State of California to cause cancer and birth defects or other reproductive harm. Apple, iPhone&reg;, iPad&reg;, iPod&reg; are registered trademarks of Apple, Inc. Apple does not endorse use of these products. * Special Return Policy applies, please check here for detail. Product names are trademark of listed manufacturer or other owners, and are not trademarks of eForCity Corp. The manufacturer does not necessarily endorse use of these products. "
1-1/2 X 50 Yards Red Trevia Taffeta Wired Ribbon by Paper Mart,"1-1/2 X 50 Yards Red Trevia Taffeta Wired Ribbon by Paper Mart|Our Trevia Taffeta Ribbon is a semi lustrous lighter weight ribbon with a more delicate look than grosgrain and a more matte look than satin. The feel of the ribbon is very smooth. It holds it shape, and has nice workability and body due to the almost unnoticeable wire on the edges. If you are looking for a lighter weight and flexible ribbon yet has the body to allow you to sculpt a soft 'cloudy' looking bow, this is the one! Made of 100% nylon. - 1-1/2 X 50 Yards Red Trevia Taffeta Wired Ribbon by Paper Mart. Found at www.papermart.com."
ID 0570C Camp Fire Wood Patch Logs Scout Iron On Badge Applique,"ID 0570C Camp Fire Wood Patch Logs Scout Iron On Badge Applique. New embroidered iron on patch. Size is approximately 1 1/4&quot; wide and 1 3/4&quot; tall.| New embroidered iron on patch. Size is approximately 1 1/4&quot; wide and 1 3/4&quot; tall. Missouri sales tax applies to all Missouri Customers. Patches with iron-on adhesive backing may also be sewn-on or adhered via appropriate fabric adhesive (Not Included). Iron-on instructions are included with every order. Ironing is not recommended for materials that may be damaged by high heat such as leather, rayon, spandex, nylon or other delicate fabrics. "
Ribbon Bazaar Double Faced Satin 2-1/4 inch Leaf Green 25 yards 100% Polyester Ribbon,"This luxurious ribbon has a smooth, glossy finish on both sides, hence the &quot;double faced&quot; name. It comes in a range of sizes from 1/8 inch wide all the way to 4 inch and the color selection is second to none.|A true classic, our double sided satin ribbon features unmatched width and color selection, a high quality, glossy finish on both sides of the ribbon, and is available for ordering in multiple put-ups, including by-the-yard. Choose from over a 115+ solid colors and 10 widths ranging from 1/8&quot; all the way to 4&quot; wide.Ordering by-the-yard allows you to purchase continuous rolls of your desired color and width in one-yard increments. You can even order a single yard for a convenient way to get samples.Made from 100% polyester, this double-faced satin ribbon is machine washable, is color-fast, and has less than 2% shrinkage.As a bit of background, there are three basic types of textile weaves: satin (single faced or double faced), taffeta, and twill. And to produce these fabrics or ribbons, there are also four basic types of yarn used, namely polyester, nylon, cotton or acetate. Our double face satin ribbon is made from polyester yarn and the satin weave and so is known as 'polyester satin'.Please Note: Dye lot differences are especially apparent between 50 and 100 yard spools for all available sizes (i.e. 1/8&quot; 100 yard Silver may not match with 5/8&quot; 50 yard Silver)."
